COLLECTION_NAME,YEAR_MONTH,SALE_COUNT,PRICE_USD,PRICE_RANGE
"(Dis)entanglement by onlygenerated",2021-6,1,181.66447015596023,0
"27-Bit Digital by kai",2021-2,1136,305.5964118421814,5751.823314934163
"27-Bit Digital by kai",2021-3,76,786.3655778515899,8568.44324184521
"27-Bit Digital by kai",2021-4,29,476.37818216053915,5991.7563238670555
"27-Bit Digital by kai",2021-5,41,282.94238311326876,950.9574706452044
"27-Bit Digital by kai",2021-6,93,503.5540380780795,2095.105262237124
"27-Bit Digital by kai",2021-7,185,957.0743271730528,6922.6664492895625
"27-Bit Digital by kai",2021-8,419,4849.778777050402,29944.123540770306
"27-Bit Digital by kai",2021-9,28,7319.395996221548,7993.054688431698
"70s Pop Ghost Bonus Pack üëª by Daniel Catt",2021-7,137,809.9127454269375,3401.430037225016
"70s Pop Ghost Bonus Pack üëª by Daniel Catt",2021-8,26,16823.425924056788,43719.80120486535
"70s Pop Series One by Daniel Catt",2021-4,330,381.83903696399983,2602.12570408595
"70s Pop Series One by Daniel Catt",2021-5,12,453.7942043359949,587.0754549690903
"70s Pop Series One by Daniel Catt",2021-6,22,404.1267646647326,1565.736257009786
"70s Pop Series One by Daniel Catt",2021-7,33,665.4200648303705,1056.065817239815
"70s Pop Series One by Daniel Catt",2021-8,59,4644.408899539685,15826.384390779851
"70s Pop Series One by Daniel Catt",2021-9,3,5402.886765832426,3539.4005877258996
"70s Pop Series Two by Daniel Catt",2021-6,332,287.5469799521211,2250.198369455142
"70s Pop Series Two by Daniel Catt",2021-7,53,628.5792101414809,4105.9834551594095
"70s Pop Series Two by Daniel Catt",2021-8,57,4225.857287072192,16371.424802215852
"70s Pop Series Two by Daniel Catt",2021-9,1,4522.94553844381,0
"70s Pop Super Fun Summertime Bonus Pack üç∏ by Daniel Catt",2021-5,11,351.12797510939146,661.3200302810391
"70s Pop Super Fun Summertime Bonus Pack üç∏ by Daniel Catt",2021-6,8,315.2875610504715,221.36856682809284
"70s Pop Super Fun Summertime Bonus Pack üç∏ by Daniel Catt",2021-7,12,1183.1508462578356,3315.5870195390075
"70s Pop Super Fun Summertime Bonus Pack üç∏ by Daniel Catt",2021-8,7,11416.146434949938,16620.987599967844
"70s Pop Super Fun Summertime Bonus Pack üç∏ by Daniel Catt",2021-9,1,21283.421840882533,0
"720 Minutes by Alexis Andr√©",2021-3,1008,691.4529173517734,7584.5594779553785
"720 Minutes by Alexis Andr√©",2021-4,53,1172.9054100437313,5749.103752839321
"720 Minutes by Alexis Andr√©",2021-5,27,1226.6995956383637,4817.49474522776
"720 Minutes by Alexis Andr√©",2021-6,52,1313.1912036099752,4480.084049444295
"720 Minutes by Alexis Andr√©",2021-7,185,4243.065015340715,34017.26206810048
"720 Minutes by Alexis Andr√©",2021-8,211,21445.092725542272,74463.77964954634
"720 Minutes by Alexis Andr√©",2021-9,13,29779.64107954652,26081.344441416724
"Abstraction by Hevey",2021-5,21,247.9027056226659,72.00073511629756
"Abstraction by Hevey",2021-6,260,156.24518131335057,390.2971032259452
"Abstraction by Hevey",2021-7,97,521.888163382616,3730.1326810019527
"Abstraction by Hevey",2021-8,173,3009.8544533799145,17937.580694663102
"Abstraction by Hevey",2021-9,2,5605.4741587822655,0
"Aerial View by daLenz",2021-3,1044,193.43833250854772,1753.9779880151812
"Aerial View by daLenz",2021-4,86,323.0841370857689,4240.627272023141
"Aerial View by daLenz",2021-5,36,251.4095960370571,642.4507519881906
"Aerial View by daLenz",2021-6,124,317.90731733667184,1055.0264539307334
"Aerial View by daLenz",2021-7,294,916.0664655153648,4561.821187122187
"Aerial View by daLenz",2021-8,567,7095.721520693809,62652.32767005943
"Aerial View by daLenz",2021-9,29,12431.932568713793,21101.93891618028
"AlgoRhythms by Han x Nicolas Daniel",2021-5,225,1296.452587780916,20118.805134444883
"AlgoRhythms by Han x Nicolas Daniel",2021-6,193,826.8491082171339,4125.252135791623
"AlgoRhythms by Han x Nicolas Daniel",2021-7,271,2712.6525046406014,28160.85359498823
"AlgoRhythms by Han x Nicolas Daniel",2021-8,309,19570.923866735655,160737.9411518005
"AlgoRhythms by Han x Nicolas Daniel",2021-9,3,26608.900565707056,11836.538226701512
"Algobots by Stina Jones",2021-4,742,1216.346492204322,32052.228249037573
"Algobots by Stina Jones",2021-5,40,1790.391891565859,8256.187815051742
"Algobots by Stina Jones",2021-6,43,1254.9540487519307,2093.9948970196447
"Algobots by Stina Jones",2021-7,81,3635.394397783229,34234.119148834776
"Algobots by Stina Jones",2021-8,171,22416.423035731445,71965.99047986808
"Algobots by Stina Jones",2021-9,1,27321.00242687204,0
"Alien Clock by Shvembldr",2021-7,1449,2183.59896569638,24301.669352190274
"Alien Clock by Shvembldr",2021-8,233,31557.126394004383,74145.11438000684
"Alien Clock by Shvembldr",2021-9,4,42214.733703111546,352.1763423288867
"Alien Insects by Shvembldr",2021-8,1903,9802.300103684602,176513.85715641116
"Alien Insects by Shvembldr",2021-9,23,13292.620615701131,23113.287515817952
"Andradite by Eltono",2021-5,94,260.0706130089242,55.33248398656954
"Andradite by Eltono",2021-6,138,199.6077505515806,959.221327172984
"Andradite by Eltono",2021-7,58,619.9573835314623,1969.9811141433006
"Andradite by Eltono",2021-8,69,4426.828843001906,13699.498461658879
"Andradite by Eltono",2021-9,3,5379.754053174583,6883.21876877456
"Antennas by gcrll",2021-5,1,256.031910719393,0
"Antennas by gcrll",2021-6,160,216.1594761702604,173.12207998296552
"Antennas by gcrll",2021-7,163,311.6170386900964,1838.9719050718866
"Antennas by gcrll",2021-8,150,4883.133827366253,13273.349296912409
"Antennas by gcrll",2021-9,5,5796.729500697608,7198.618820455115
"Apparitions by Aaron Penne",2021-3,2063,404.06174403375076,15062.27262387977
"Apparitions by Aaron Penne",2021-4,163,913.4044633429746,5909.880760988451
"Apparitions by Aaron Penne",2021-5,73,983.9301511769019,11279.400915115151
"Apparitions by Aaron Penne",2021-6,121,710.4074622550422,3079.758383572865
"Apparitions by Aaron Penne",2021-7,396,2129.0772618286464,41590.26447801495
"Apparitions by Aaron Penne",2021-8,440,11784.549210653993,104425.46532084524
"Apparitions by Aaron Penne",2021-9,14,20003.78393625982,20154.817507509753
"Archetype by Kjetil Golid",2021-2,712,1327.7807360685183,25717.32026684708
"Archetype by Kjetil Golid",2021-3,213,6184.766473013702,38780.931046960846
"Archetype by Kjetil Golid",2021-4,59,6717.573176197176,67463.35564556692
"Archetype by Kjetil Golid",2021-5,31,3394.770852485678,3783.6915236914137
"Archetype by Kjetil Golid",2021-6,89,4316.986223783673,11432.34005855454
"Archetype by Kjetil Golid",2021-7,121,15663.02485594664,56479.27537553612
"Archetype by Kjetil Golid",2021-8,164,116117.27138218416,1358969.955888593
"Archetype by Kjetil Golid",2021-9,7,228299.37247191888,68758.18904194847
"Asterisms by Falko",2021-4,33,237.23952413086332,56.206556175520575
"Asterisms by Falko",2021-5,1,270.452726997526,0
"Asterisms by Falko",2021-6,62,197.56907008058505,199.13164664446154
"Asterisms by Falko",2021-7,25,832.3502793167139,2215.158209927422
"Asterisms by Falko",2021-8,40,11061.952977737657,36129.72821585533
"Asterisms by Falko",2021-9,1,31570.409063975756,0
"Aurora IV by ge1doot",2021-4,133,368.17808746075514,907.1202378334896
"Aurora IV by ge1doot",2021-5,7,663.8837069638829,1301.1287752442975
"Aurora IV by ge1doot",2021-6,5,506.82440501116037,875.7848603039348
"Aurora IV by ge1doot",2021-7,31,2089.244753896336,11005.66752038935
"Aurora IV by ge1doot",2021-8,31,14057.03466268956,26013.612480771226
"Aurora IV by ge1doot",2021-9,1,13639.49397973555,0
"Beatboxes by Zeblocks",2021-8,1373,17081.50156673192,105078.37792720561
"Beatboxes by Zeblocks",2021-9,65,17214.277705164157,22367.16286639018
"Breathe You by raregonzo",2021-6,125,170.0546976083187,217.7771293650335
"Breathe You by raregonzo",2021-7,239,253.2741298187447,2223.3458069825915
"Breathe You by raregonzo",2021-8,139,2973.33709435731,8283.757982309777
"Breathe You by raregonzo",2021-9,1,3758.7682603815024,0
"Brushpops by Matty Mariansky",2021-8,462,4212.893047574642,48357.863507127724
"Brushpops by Matty Mariansky",2021-9,17,3525.3563540045698,8128.09810038792
"Bubble Blobby by Jason Ting",2021-5,68,468.0490259233047,1588.5117878241697
"Bubble Blobby by Jason Ting",2021-6,130,528.748730977618,2089.8011026557674
"Bubble Blobby by Jason Ting",2021-7,142,2650.5631246532935,14481.033395227434
"Bubble Blobby by Jason Ting",2021-8,179,13936.558965048685,38690.87530544649
"Bubble Blobby by Jason Ting",2021-9,5,22961.092126716194,7427.646681174334
"CENTURY by Casey REAS",2021-6,1331,697.0626511237423,18276.653904540733
"CENTURY by Casey REAS",2021-7,393,3577.3793429140933,46667.316723989374
"CENTURY by Casey REAS",2021-8,340,17232.110260784706,130077.16177995548
"CENTURY by Casey REAS",2021-9,9,28480.785677217555,11226.276435300751
"Calendart by steen & n-e-o",2021-8,1009,3172.040770447037,22387.38287083907
"Calendart by steen & n-e-o",2021-9,2,13476.158509330447,17505.62883642117
"CatBlocks by Kristy Glas",2021-5,537,224.33523842886126,1861.111105722117
"CatBlocks by Kristy Glas",2021-6,76,194.74206390609984,497.50005846919595
"CatBlocks by Kristy Glas",2021-7,153,806.5513351375203,4733.911432079559
"CatBlocks by Kristy Glas",2021-8,317,8903.048343356511,47668.48144823851
"CatBlocks by Kristy Glas",2021-9,7,10507.792044896161,5368.35108602855
"Cells by Hevey",2021-7,2,345.0755374642785,0
"Cells by Hevey",2021-8,3664,1081.1010248094876,18188.037727100043
"Cells by Hevey",2021-9,32,1654.1691726244565,1282.3203780254385
"Chromie Squiggle by Snowfro",2020-12,2756,22.09012707892113,1182.4768899994476
"Chromie Squiggle by Snowfro",2021-1,3605,60.42169818963347,11078.820719997419
"Chromie Squiggle by Snowfro",2021-2,531,889.0330244868461,36386.060531239615
"Chromie Squiggle by Snowfro",2021-3,318,2136.832459776255,84228.22856007812
"Chromie Squiggle by Snowfro",2021-4,336,1562.3872773197872,23658.93131358076
"Chromie Squiggle by Snowfro",2021-5,111,1684.2377988245812,12349.900411327342
"Chromie Squiggle by Snowfro",2021-6,349,2625.2030422186144,106134.2505575763
"Chromie Squiggle by Snowfro",2021-7,571,6645.339307896185,100233.30843049544
"Chromie Squiggle by Snowfro",2021-8,847,36589.70562361507,2440415.19316323
"Chromie Squiggle by Snowfro",2021-9,40,61609.765616492354,227830.60726485666
"Color Magic Planets by B√•rd Ionson",2021-4,1,321.32002956010143,0
"Color Magic Planets by B√•rd Ionson",2021-5,69,284.5613295765825,157.5687959429479
"Color Magic Planets by B√•rd Ionson",2021-6,105,205.54183518014628,88.51649462175575
"Color Magic Planets by B√•rd Ionson",2021-7,101,299.0014166676731,1431.08854200127
"Color Magic Planets by B√•rd Ionson",2021-8,85,3072.150246798913,9496.843251650032
"Color Magic Planets by B√•rd Ionson",2021-9,6,4690.290947985608,3009.5035945149234
"Color Study by Jeff Davis",2021-2,2201,172.51835331934436,9257.925176584564
"Color Study by Jeff Davis",2021-3,201,886.7266338761109,6436.731388339132
"Color Study by Jeff Davis",2021-4,66,933.9517506162905,23505.606651451606
"Color Study by Jeff Davis",2021-5,5,607.3870644217976,986.9567532183594
"Color Study by Jeff Davis",2021-6,125,443.31325382214004,11397.3141649388
"Color Study by Jeff Davis",2021-7,193,1084.4074041214662,9233.048397293653
"Color Study by Jeff Davis",2021-8,202,4447.11434962188,24901.793617576936
"Color Study by Jeff Davis",2021-9,10,10005.228255802129,33997.517069183465
"CryptoGodKing by Steve Pikelny",2021-4,127,151.09163757582584,169.091134446795
"CryptoGodKing by Steve Pikelny",2021-5,39,212.28829157550385,429.09592352411755
"CryptoGodKing by Steve Pikelny",2021-6,12,477.53072191801056,1043.2545700443452
"CryptoGodKing by Steve Pikelny",2021-7,30,1155.5092923390132,3668.557810584517
"CryptoGodKing by Steve Pikelny",2021-8,48,10079.026768428948,28236.058184956684
"CryptoGodKing by Steve Pikelny",2021-9,2,,
"CryptoVenetian by Bright Moments",2021-7,38,2917.3636639257757,4980.888839611278
"CryptoVenetian by Bright Moments",2021-8,264,17678.562633619138,59478.27975252319
"CryptoVenetian by Bright Moments",2021-9,9,25717.788909335002,19360.509719482285
"Cryptoblots by Da√Øm Aggott-H√∂nsch",2020-12,428,29.899205777002955,173.76069694626943
"Cryptoblots by Da√Øm Aggott-H√∂nsch",2021-1,105,72.6348731099447,566.4236303013254
"Cryptoblots by Da√Øm Aggott-H√∂nsch",2021-2,382,407.8763737015863,4983.17569971892
"Cryptoblots by Da√Øm Aggott-H√∂nsch",2021-3,123,435.63693084935255,3637.7603536035317
"Cryptoblots by Da√Øm Aggott-H√∂nsch",2021-4,48,1797.9138332113064,14489.315886620127
"Cryptoblots by Da√Øm Aggott-H√∂nsch",2021-5,56,308.9163191019351,2611.8399911881756
"Cryptoblots by Da√Øm Aggott-H√∂nsch",2021-6,242,334.16468221127786,5330.201475491108
"Cryptoblots by Da√Øm Aggott-H√∂nsch",2021-7,437,847.3764977212467,52907.77702835259
"Cryptoblots by Da√Øm Aggott-H√∂nsch",2021-8,807,5035.0619742939725,32887.172538174695
"Cryptoblots by Da√Øm Aggott-H√∂nsch",2021-9,25,7314.715605516115,6467.763352436606
"Cyber Cities by pxlq",2021-2,341,402.10958366135554,3078.183937897715
"Cyber Cities by pxlq",2021-3,11,740.0646263024929,1296.9433736792962
"Cyber Cities by pxlq",2021-4,8,826.3449574719277,1682.8218318303857
"Cyber Cities by pxlq",2021-5,10,881.3167693189247,1157.9100826977296
"Cyber Cities by pxlq",2021-6,2,596.3196264204807,203.6843471590385
"Cyber Cities by pxlq",2021-7,48,1600.6513532546367,2980.5605439980027
"Cyber Cities by pxlq",2021-8,49,9803.045097345434,16245.205298092706
"Dear Hash, by MODNAR WOLF",2021-4,51,238.34522422260673,314.00482154042163
"Dear Hash, by MODNAR WOLF",2021-5,3,248.49988173441474,5.4627144231545515
"Dear Hash, by MODNAR WOLF",2021-6,18,190.0054526849574,201.68105835513768
"Dear Hash, by MODNAR WOLF",2021-7,387,205.00806336162043,1104.1216421099414
"Dear Hash, by MODNAR WOLF",2021-8,145,3532.9360194776027,16003.004065344912
"Dear Hash, by MODNAR WOLF",2021-9,4,5572.992658337728,3229.5541538709576
"Divisions by Michael Connolly",2021-7,942,727.3236217175642,24440.534592918644
"Divisions by Michael Connolly",2021-8,242,11809.77822281845,167500.87937656554
"Divisions by Michael Connolly",2021-9,4,15228.548009127408,5919.751772591333
"Dot Grid by Collin Kasbergen",2021-8,2,305.49213925549543,0
"Dot Matrix Gradient Study by Jake Rockland",2021-8,1527,7071.000312806937,31758.147791780226
"Dot Matrix Gradient Study by Jake Rockland",2021-9,18,4824.552281613469,7744.4072584807045
"Dreams by Joshua Bagley",2021-6,1127,490.5514473220423,6558.607799800174
"Dreams by Joshua Bagley",2021-7,292,2785.369719707804,34449.37324583484
"Dreams by Joshua Bagley",2021-8,247,17007.549977016814,93187.92775065733
"Dreams by Joshua Bagley",2021-9,12,33559.93400233458,30422.747830786422
"Dynamic Slices by pxlq",2020-12,592,37.34227852375765,865.9447600174641
"Dynamic Slices by pxlq",2021-1,97,343.7194261538989,7713.558904054535
"Dynamic Slices by pxlq",2021-2,132,1408.4606277415717,7097.534670922737
"Dynamic Slices by pxlq",2021-3,13,1632.1304972704681,3006.6846163417695
"Dynamic Slices by pxlq",2021-4,9,1950.4795278476886,2250.401154293693
"Dynamic Slices by pxlq",2021-5,14,1399.3160747832378,1801.2638355525735
"Dynamic Slices by pxlq",2021-6,31,1649.7019425456851,5169.862036362506
"Dynamic Slices by pxlq",2021-7,153,6131.986996538275,33550.94244829506
"Dynamic Slices by pxlq",2021-8,133,18698.618141196614,64535.79812894551
"Dynamic Slices by pxlq",2021-9,5,26410.946119834523,6135.704462812944
"Eccentrics by Radix",2021-6,576,739.4021809136281,11060.772655703768
"Eccentrics by Radix",2021-7,210,2980.514836524863,27579.733495280132
"Eccentrics by Radix",2021-8,97,13097.855328072403,43384.52794752753
"Eccentrics by Radix",2021-9,4,13930.084960933862,4237.841548384922
"Ecumenopolis by Joshua Bagley",2021-7,2197,2743.860978443835,34579.049157964146
"Ecumenopolis by Joshua Bagley",2021-8,817,32803.98579769274,160027.98128458223
"Ecumenopolis by Joshua Bagley",2021-9,17,63787.825440589884,24133.050628113582
"Elementals by Michael Connolly",2021-4,693,492.66829349627744,4729.1198099720905
"Elementals by Michael Connolly",2021-5,59,455.46530014849026,1485.2062405693136
"Elementals by Michael Connolly",2021-6,98,520.8648286882503,1705.1105123462264
"Elementals by Michael Connolly",2021-7,200,2480.238062405336,10672.173532472798
"Elementals by Michael Connolly",2021-8,158,15243.644361098743,58243.003000412355
"Elementals by Michael Connolly",2021-9,8,23797.283993584286,9531.84440350638
"Elevated Deconstructions by luxpris",2020-12,208,61.071031100650075,58.24771283281847
"Elevated Deconstructions by luxpris",2021-1,42,206.0562842405107,419.206771460406
"Elevated Deconstructions by luxpris",2021-2,51,1765.831408739863,4638.414316240041
"Elevated Deconstructions by luxpris",2021-3,10,2015.0083716271904,1586.5775100840287
"Elevated Deconstructions by luxpris",2021-4,3,1452.9431147699715,348.450011565317
"Elevated Deconstructions by luxpris",2021-5,11,3246.8526704188434,4492.746854447892
"Elevated Deconstructions by luxpris",2021-6,40,6774.981609783693,13553.14743685093
"Elevated Deconstructions by luxpris",2021-7,31,33329.06040053796,57838.180517268505
"Elevated Deconstructions by luxpris",2021-8,28,201962.3479452468,431454.9250049897
"Elevated Deconstructions by luxpris",2021-9,1,684893.0953975619,0
"Empyrean by Generative Artworks",2021-3,650,106.73808109477845,924.5946074716711
"Empyrean by Generative Artworks",2021-4,364,139.87179228521669,626.9963669739006
"Empyrean by Generative Artworks",2021-5,5,263.4496147849163,232.81999355948238
"Empyrean by Generative Artworks",2021-6,44,256.4359635291345,710.888948353276
"Empyrean by Generative Artworks",2021-7,65,542.0630246304498,5296.524099988863
"Empyrean by Generative Artworks",2021-8,85,3032.042117380362,8497.717045868554
"Empyrean by Generative Artworks",2021-9,2,4818.315657497276,2489.415160459414
"Enchiridion by Generative Artworks",2021-6,4,169.00024804543315,0
"Enchiridion by Generative Artworks",2021-7,2620,223.02213090240053,4322.280159905242
"Enchiridion by Generative Artworks",2021-8,454,1440.179211468736,13383.916159511007
"Enchiridion by Generative Artworks",2021-9,19,1814.9561206057012,3386.9034345547097
"Endless Nameless by Rafa√´l Rozendaal",2021-7,1943,1652.5154357182937,19272.83099969906
"Endless Nameless by Rafa√´l Rozendaal",2021-8,571,5831.156619964414,59299.41903266791
"Endless Nameless by Rafa√´l Rozendaal",2021-9,10,11646.401986886814,8533.012061987967
"EnergySculpture by Beervangeer",2021-2,1,502.760858447189,0
"EnergySculpture by Beervangeer",2021-3,476,642.7246089488152,4380.862137724067
"EnergySculpture by Beervangeer",2021-4,26,271.59198695616993,193.2065426089144
"EnergySculpture by Beervangeer",2021-5,5,308.88748176998195,243.34024933501195
"EnergySculpture by Beervangeer",2021-6,22,275.47315218839054,372.78124557208844
"EnergySculpture by Beervangeer",2021-7,99,834.5037271582396,1850.7356205350181
"EnergySculpture by Beervangeer",2021-8,156,4942.25881775654,12100.231085892427
"EnergySculpture by Beervangeer",2021-9,5,7370.864917630012,3620.862286890061
"Ens≈ç by Matto",2021-3,86,188.46394491592193,27.669381215368645
"Ens≈ç by Matto",2021-4,43,281.16397460620277,1683.8540869265605
"Ens≈ç by Matto",2021-5,15,294.8218804541769,48.05050959808881
"Ens≈ç by Matto",2021-6,32,227.67358020002217,503.37741211540197
"Ens≈ç by Matto",2021-7,1194,270.97982398686827,1787.109400170794
"Ens≈ç by Matto",2021-8,597,1178.5390912733458,5512.632814396338
"Ens≈ç by Matto",2021-9,8,1858.4960143379767,1003.3160673194864
"Event Horizon Sunset (Series C) by Jake Brukhman",2021-4,2,191.62965237674265,0
"Event Horizon Sunset (Series C) by Jake Brukhman",2021-5,16,117.02243283901602,261.80446865611833
"Event Horizon Sunset (Series C) by Jake Brukhman",2021-6,168,81.21346104826546,80.94634121450733
"Event Horizon Sunset (Series C) by Jake Brukhman",2021-7,370,149.367407398009,520.7725381201342
"Event Horizon Sunset (Series C) by Jake Brukhman",2021-8,169,1422.454911668604,4526.452673410061
"Event Horizon Sunset (Series C) by Jake Brukhman",2021-9,9,2112.3542583066087,799.0116467308947
"Fake Internet Money by Steve Pikelny",2021-8,20,10866.081790407028,25607.451690020225
"Fake Internet Money by Steve Pikelny",2021-9,99,8966.236460268083,33408.26859627405
"Fidenza by Tyler Hobbs",2021-6,1684,2275.126595219279,46570.04513955793
"Fidenza by Tyler Hobbs",2021-7,176,59385.58757510953,367657.88608915
"Fidenza by Tyler Hobbs",2021-8,182,388634.2975158869,3283408.085570463
"Fidenza by Tyler Hobbs",2021-9,8,1006246.8201304929,1165189.7900988448
"Flowers by RVig",2021-7,1,263.56352522670187,0
"Flowers by RVig",2021-8,911,624.6614918612275,25789.91674212381
"Flowers by RVig",2021-9,9,2247.638546765437,3747.913037533281
"Frammenti by Stefano Contiero",2021-5,590,305.31848921098924,2888.0864267398356
"Frammenti by Stefano Contiero",2021-6,182,847.6996993589161,5057.487920008777
"Frammenti by Stefano Contiero",2021-7,231,6893.146023904936,57242.45352971368
"Frammenti by Stefano Contiero",2021-8,177,30506.436117385478,225499.8870765227
"Frammenti by Stefano Contiero",2021-9,7,42821.90799264453,13892.768131013734
"Galaxiss by Xenoliss",2021-3,235,271.05715244110854,2315.6645609981597
"Galaxiss by Xenoliss",2021-4,67,451.55405446429734,6327.719852377906
"Galaxiss by Xenoliss",2021-5,19,515.8117665000492,1212.697416269001
"Galaxiss by Xenoliss",2021-6,145,318.3343687761441,935.0532111504097
"Galaxiss by Xenoliss",2021-7,238,383.67397150248723,3611.603351478449
"Galaxiss by Xenoliss",2021-8,243,2991.4728626659726,10391.845441741036
"Galaxiss by Xenoliss",2021-9,3,4319.6844084223885,531.6199849384138
"Gazettes by Redlioneye Gazette",2021-3,189,272.36088292482003,24.44930540832661
"Gazettes by Redlioneye Gazette",2021-4,30,306.97514875232145,190.91616627697073
"Gazettes by Redlioneye Gazette",2021-5,2,366.16754265044443,19.34584276404712
"Gazettes by Redlioneye Gazette",2021-6,9,284.0545708251697,214.29180145964048
"Gazettes by Redlioneye Gazette",2021-7,584,360.0630272833803,2172.025974177012
"Gazettes by Redlioneye Gazette",2021-8,750,813.456059300917,12748.235461754046
"Gazettes by Redlioneye Gazette",2021-9,12,1735.7901532369115,2133.848907332681
"Gen 2 by DCA",2021-2,297,449.3896867856474,18857.404114566776
"Gen 2 by DCA",2021-3,24,987.8335360557666,2472.5528972511934
"Gen 2 by DCA",2021-4,14,1076.7433157580504,1648.0504148237305
"Gen 2 by DCA",2021-5,2,1017.9640248879826,1114.8174011080162
"Gen 2 by DCA",2021-6,33,1534.974498364965,7474.263983062113
"Gen 2 by DCA",2021-7,43,3359.5836156349164,31530.209050709655
"Gen 2 by DCA",2021-8,31,15570.129897849149,136651.8704135
"Gen 2 by DCA",2021-9,2,11580.060715911444,607.0275212359793
"Gen 3 by DCA",2021-4,135,152.8531971407727,61.94817671075366
"Gen 3 by DCA",2021-5,29,161.59878008795278,149.29924525561717
"Gen 3 by DCA",2021-6,227,141.2687271053631,1692.9288968655458
"Gen 3 by DCA",2021-7,1013,167.0801997134517,14482.829097065884
"Gen 3 by DCA",2021-8,400,1513.236412970723,5915.997167092852
"Gen 3 by DCA",2021-9,20,1943.9054620479249,2899.6537156606223
"Geometry Runners by Rich Lord",2021-8,4880,26741.26408005976,224758.31338156428
"Geometry Runners by Rich Lord",2021-9,197,28801.634233621782,41381.58934743612
"Gizmobots by Mark Cotton",2021-7,1,197.1076162419552,0
"Gizmobotz by Mark Cotton",2021-7,1580,177.3795580860902,841.9049324186701
"Gizmobotz by Mark Cotton",2021-8,681,1540.4864183060872,5645.135758556924
"Gizmobotz by Mark Cotton",2021-9,14,2158.609430383289,4263.277865742686
"Good Vibrations by Aluan Wang",2021-8,4650,1479.8211876730566,16190.548321892915
"Good Vibrations by Aluan Wang",2021-9,73,2634.5916638930435,14257.453143606628
"Gravity 12 by Jimmy Herdberg",2021-6,1,230.03281687382335,0
"Gravity 12 by Jimmy Herdberg",2021-7,874,674.1773542015343,7474.0371325084625
"Gravity 12 by Jimmy Herdberg",2021-8,291,3339.1667409729353,16512.520132573318
"Gravity 12 by Jimmy Herdberg",2021-9,12,3373.3546758111,10013.485002683361
"Gravity Grid by Eliya Stein",2021-4,85,234.9568554418195,463.0570028772342
"Gravity Grid by Eliya Stein",2021-5,1,221.91747275345088,0
"Gravity Grid by Eliya Stein",2021-6,8,467.48810410015847,627.7337285959878
"Gravity Grid by Eliya Stein",2021-7,18,1405.4097756208541,2644.2510588324485
"Gravity Grid by Eliya Stein",2021-8,30,9722.100242462873,27111.939511791315
"Gravity Grid by Eliya Stein",2021-9,2,22170.23108425264,0
"Hashtractors by Darien Brito",2021-6,176,661.7529823184733,5257.633371629608
"Hashtractors by Darien Brito",2021-7,46,1112.1555849670763,1718.3403298169947
"Hashtractors by Darien Brito",2021-8,81,10461.579794342291,31078.454373703426
"Hashtractors by Darien Brito",2021-9,8,17831.571689578952,11327.711530252818
"Hieroglyphs by pxlq",2021-3,595,185.62419052235757,1649.5982660928569
"Hieroglyphs by pxlq",2021-4,183,251.83085418438262,6304.74109598741
"Hieroglyphs by pxlq",2021-5,23,276.0316485706678,469.9935462875266
"Hieroglyphs by pxlq",2021-6,352,184.92670039584462,881.1899228594167
"Hieroglyphs by pxlq",2021-7,183,501.6733273484032,4343.327637391925
"Hieroglyphs by pxlq",2021-8,371,2361.032441246643,17568.670569965183
"Hieroglyphs by pxlq",2021-9,19,3481.4642618967605,3072.27353829587
"High Tide by Artem Verkhovskiy x Andy Shaw",2021-8,1,824.2329865753942,0
"HyperHash by Beervangeer",2021-1,404,158.3586918880916,1639.162118679082
"HyperHash by Beervangeer",2021-2,143,1078.0924358655782,8400.721390231649
"HyperHash by Beervangeer",2021-3,56,1413.3185066903256,15396.875227734647
"HyperHash by Beervangeer",2021-4,3,942.4021329026864,540.148128774889
"HyperHash by Beervangeer",2021-5,9,1306.1990492684731,3088.0456040274003
"HyperHash by Beervangeer",2021-6,46,1054.5897609683325,2293.3575786034503
"HyperHash by Beervangeer",2021-7,117,5347.828461421889,29775.295368400446
"HyperHash by Beervangeer",2021-8,158,35700.631833183215,85659.5251309486
"HyperHash by Beervangeer",2021-9,6,66055.04774432119,65028.25226696266
"I Saw It in a Dream by Steve Pikelny",2021-7,1474,272.3465319180559,1641.0077384843757
"I Saw It in a Dream by Steve Pikelny",2021-8,561,1457.0757987007078,16230.315522935178
"I Saw It in a Dream by Steve Pikelny",2021-9,18,1533.2659184551865,864.5158563316081
"Ignition by ge1doot",2021-1,601,329.42575603297615,8335.67317386359
"Ignition by ge1doot",2021-2,125,1410.4149501207112,10803.831943281564
"Ignition by ge1doot",2021-3,19,1548.7348996384198,3003.5012944662976
"Ignition by ge1doot",2021-4,16,1806.9297668590727,6638.83610869427
"Ignition by ge1doot",2021-5,14,1305.0766828711228,2207.0282981982455
"Ignition by ge1doot",2021-6,19,1411.3208782504435,4144.413158294156
"Ignition by ge1doot",2021-7,109,3904.2972443057647,18169.619908004
"Ignition by ge1doot",2021-8,92,20953.074810398797,74888.00960069934
"Incantation by Eliya Stein",2021-6,90,211.59832016839354,165.81634534514757
"Incantation by Eliya Stein",2021-7,21,931.5832369610781,2963.97544494363
"Incantation by Eliya Stein",2021-8,47,8964.446597608998,29332.558474621783
"Inspirals by Radix",2021-3,1200,313.1691273270458,3923.1079515392867
"Inspirals by Radix",2021-4,83,931.6390640182299,5327.745066209105
"Inspirals by Radix",2021-5,19,257.9454420181787,515.837771238449
"Inspirals by Radix",2021-6,181,428.1741830255001,2783.8260642366154
"Inspirals by Radix",2021-7,400,1231.4765853581841,13986.244324860345
"Inspirals by Radix",2021-8,497,7774.661986296108,24350.703960774106
"Inspirals by Radix",2021-9,16,13367.178700069519,14970.382398252428
"Labyrometry by Eliya Stein",2021-8,2628,492.73475714008936,3302.094638501607
"Labyrometry by Eliya Stein",2021-9,38,1592.325130200155,1827.3027049470093
"Lava Glow by JEANVASCRIPT",2021-7,1,229.01754452949814,0
"Lava Glow by JEANVASCRIPT",2021-8,979,1576.3791218992947,9555.537998052801
"Lava Glow by JEANVASCRIPT",2021-9,8,3265.011611437445,2584.7012063750026
"LeWitt Generator Generator by Mitchell F. Chan",2021-7,1,172.4202726368352,0
"LeWitt Generator Generator by Mitchell F. Chan",2021-8,5319,4678.882254272992,67328.42106992069
"LeWitt Generator Generator by Mitchell F. Chan",2021-9,27,17891.36103071834,20346.569560619657
"Libertad Parametrizada by zJorge",2021-6,280,277.67909487687115,1514.10156627198
"Libertad Parametrizada by zJorge",2021-7,45,1190.2803435950261,2133.6351383383344
"Libertad Parametrizada by zJorge",2021-8,69,10634.957040966527,33320.370966499104
"Libertad Parametrizada by zJorge",2021-9,5,10309.62192778243,10355.435006123345
"Light Beams by Jason Ting",2021-3,151,912.8364052273707,1613.8226792549663
"Light Beams by Jason Ting",2021-4,14,2290.404722929559,1967.8209730356064
"Light Beams by Jason Ting",2021-5,2,1795.9361262536274,3264.9586245750784
"Light Beams by Jason Ting",2021-6,6,1027.4820781655205,2017.695232175502
"Light Beams by Jason Ting",2021-7,20,2233.624496479504,3688.002349463323
"Light Beams by Jason Ting",2021-8,46,29470.371830891647,97373.967566388
"Low Tide by Artem Verkhovskiy x Andy Shaw",2021-7,595,256.4065784192852,3159.135115908343
"Low Tide by Artem Verkhovskiy x Andy Shaw",2021-8,165,1782.9426058295815,5707.544862321094
"Low Tide by Artem Verkhovskiy x Andy Shaw",2021-9,2,3744.809532469868,55.02513007266998
"Messengers by Alexis Andr√©",2021-5,372,217.76080012290114,1646.5810454889424
"Messengers by Alexis Andr√©",2021-6,73,669.8922677275946,2521.1102210747636
"Messengers by Alexis Andr√©",2021-7,78,2049.5151024441802,3823.6081493041593
"Messengers by Alexis Andr√©",2021-8,95,8571.097188708272,23662.949316942242
"Messengers by Alexis Andr√©",2021-9,4,16400.650111386698,13855.142680247285
"Neighborhood by Jeff Davis",2021-8,20,804.0520080259391,42.10763163836418
"Neighborhood by Jeff Davis",2021-9,1438,7560.397085124755,46650.742209440665
"NimBuds by Bryan Brinkman",2021-1,468,347.7368906114317,3157.9217069222027
"NimBuds by Bryan Brinkman",2021-2,142,1525.3266929798829,7570.93075743596
"NimBuds by Bryan Brinkman",2021-3,52,1458.3050762214482,4225.0153771319465
"NimBuds by Bryan Brinkman",2021-4,26,959.5232027623258,1339.378598186309
"NimBuds by Bryan Brinkman",2021-5,17,957.5986153297912,2250.827608672522
"NimBuds by Bryan Brinkman",2021-6,57,1773.7128390041094,10191.853366099938
"NimBuds by Bryan Brinkman",2021-7,60,4159.984706675886,8710.082143428654
"NimBuds by Bryan Brinkman",2021-8,70,21635.697053827833,48905.53434846838
"NimBuds by Bryan Brinkman",2021-9,1,30791.471248902028,0
"Nucleus by Hjalmar √Östr√∂m",2021-7,2,311.6580767275839,0
"Nucleus by Hjalmar √Östr√∂m",2021-8,3607,1729.095933340448,10344.801735529298
"Nucleus by Hjalmar √Östr√∂m",2021-9,32,2891.302010208818,1549.6945885160653
"Obicera by Alexis Andr√©",2021-8,4466,7067.478356992365,169913.47948446378
"Obicera by Alexis Andr√©",2021-9,44,7753.996799335551,6685.474376416861
"Octo Garden by Rich Lord",2021-6,1,212.37462369268775,0
"Octo Garden by Rich Lord",2021-7,572,958.8568598740951,9724.733229020589
"Octo Garden by Rich Lord",2021-8,219,12728.465925649296,112300.06868237155
"Octo Garden by Rich Lord",2021-9,6,11598.891212426266,7299.873511296757
"Ode to Roy by artplusbrad",2021-5,32,135.58352976099098,198.64441395314066
"Ode to Roy by artplusbrad",2021-6,896,117.18850312878327,3680.262611620371
"Ode to Roy by artplusbrad",2021-7,199,320.5106589563103,2805.248631471706
"Ode to Roy by artplusbrad",2021-8,455,3731.7820079096427,23989.94994701004
"Ode to Roy by artplusbrad",2021-9,13,7145.239560451068,11928.51603436826
"Organized Disruption by Joshua Davis / PrayStation",2021-8,1685,1394.5539466607984,13121.313224188818
"Organized Disruption by Joshua Davis / PrayStation",2021-9,8,1698.2555127422056,2397.467388627415
"Origami Dream by k0ch",2021-4,136,146.0633010756592,69.65913432509011
"Origami Dream by k0ch",2021-5,9,169.6993821038653,35.82291138832187
"Origami Dream by k0ch",2021-6,86,150.95331253198668,289.96240149400535
"Origami Dream by k0ch",2021-7,37,437.1272024765008,1943.8295105415891
"Origami Dream by k0ch",2021-8,67,3173.9540247506434,8403.472679253622
"Orthogone by Pandelune",2021-6,42,214.5615422976103,81.0009196902889
"Orthogone by Pandelune",2021-7,438,249.37703401651223,243.58264875985927
"Orthogone by Pandelune",2021-8,856,624.9062867633363,4893.2611977067145
"Orthogone by Pandelune",2021-9,18,1839.0910016428982,3006.5437294672593
"P:X by mightymoose",2021-4,1,377.4888832398386,0
"P:X by mightymoose",2021-5,1,409.4771493988467,0
"P:X by mightymoose",2021-6,6,329.5427264963882,98.77186438966851
"P:X by mightymoose",2021-7,400,368.43822275364226,2048.3912705811754
"P:X by mightymoose",2021-8,226,1509.555559236099,16438.339693699098
"P:X by mightymoose",2021-9,15,2010.0285547050632,1735.974738659978
"Panelscape üÖ∞üÖ± by Paolo Tonon",2021-6,54,219.3141929441892,165.1977077641783
"Panelscape üÖ∞üÖ± by Paolo Tonon",2021-7,832,233.0409644888156,538.1764880733546
"Panelscape üÖ∞üÖ± by Paolo Tonon",2021-8,450,1776.3360788638618,8182.309696189579
"Panelscape üÖ∞üÖ± by Paolo Tonon",2021-9,7,2369.3559399378237,883.4149860039643
"Paper Armada by Kjetil Golid",2021-3,177,190.0946733340819,400.7622430696599
"Paper Armada by Kjetil Golid",2021-4,951,277.1141725319991,8278.232491017294
"Paper Armada by Kjetil Golid",2021-5,35,277.4705362627221,629.6825293277084
"Paper Armada by Kjetil Golid",2021-6,2439,266.7188708717013,10931.499789386356
"Paper Armada by Kjetil Golid",2021-7,672,607.3585051951687,8376.91960902859
"Paper Armada by Kjetil Golid",2021-8,1198,3207.2535534355193,49016.05959000385
"Paper Armada by Kjetil Golid",2021-9,45,5624.9876030044725,20314.20873273042
"Patchwork Saguaros by Jake Rockland",2021-6,15,663.839927964548,1270.1910201233222
"Patchwork Saguaros by Jake Rockland",2021-7,4,2910.5955839176067,2309.502489208488
"Patchwork Saguaros by Jake Rockland",2021-8,14,30495.62409111711,72067.77991207616
"Patchwork Saguaros by Jake Rockland",2021-9,1,,
"Pathfinders by luxpris",2021-2,1,134.88211491528293,0
"Pathfinders by luxpris",2021-3,1235,236.9786708857245,9826.504060572533
"Pathfinders by luxpris",2021-4,37,487.6327923887805,5005.03594755791
"Pathfinders by luxpris",2021-5,13,254.47642566091088,325.82468036701613
"Pathfinders by luxpris",2021-6,48,201.3512443057268,536.2482421472504
"Pathfinders by luxpris",2021-7,243,494.7811628720742,7498.133792267403
"Pathfinders by luxpris",2021-8,410,3539.7291156460537,14403.39274141594
"Pathfinders by luxpris",2021-9,18,4684.214296093818,3680.3194020606124
"Patterns of Life by Vamoss",2021-6,1,248.4002080055946,0
"Patterns of Life by Vamoss",2021-7,1072,240.75238332433426,1003.6551655290389
"Patterns of Life by Vamoss",2021-8,351,1195.7610231556114,10954.68588969957
"Patterns of Life by Vamoss",2021-9,16,1439.2607809783267,1193.8426903689474
"Petri by Fabin Rasheed",2021-5,4,774.9482416962155,59.133961595530536
"Petri by Fabin Rasheed",2021-6,5,653.3094264824224,220.9251798200611
"Petri by Fabin Rasheed",2021-7,238,870.1863355782639,3973.4639077440866
"Petri by Fabin Rasheed",2021-8,115,4140.292863136318,7851.145719426335
"Petri by Fabin Rasheed",2021-9,12,6728.480168364901,4294.1486453834605
"Pigments by Darien Brito",2021-8,3012,9399.454547801635,177730.03429466058
"Pigments by Darien Brito",2021-9,26,49284.98158877077,52891.24681624278
"Pixel Glass by kai",2021-2,286,474.3449489222063,1418.2821406697021
"Pixel Glass by kai",2021-3,21,342.1799931068259,261.34145920267144
"Pixel Glass by kai",2021-4,8,314.56458762642967,882.1230727138898
"Pixel Glass by kai",2021-5,4,134.73625935499,174.1365914241443
"Pixel Glass by kai",2021-6,33,153.79312481699685,336.66906592160143
"Pixel Glass by kai",2021-7,46,606.2604856310612,2578.0540331151406
"Pixel Glass by kai",2021-8,87,3091.8484812823967,5869.945238668186
"Pixel Glass by kai",2021-9,2,3847.1090999071575,1893.8762454234306
"Portal by Jeff Davis",2021-6,19,3936.718783423797,9875.114762660925
"Portal by Jeff Davis",2021-7,1,,
"PrimiDance by wuwa",2021-6,84,214.89698361095526,430.5228738259821
"PrimiDance by wuwa",2021-7,299,286.6366666484178,3778.9296690194465
"PrimiDance by wuwa",2021-8,172,7780.969470541759,40627.942199711084
"PrimiDance by wuwa",2021-9,5,10042.619184303667,1565.0670305957683
"PrimiLife by wuwa",2021-8,2,639.4841529380064,0
"PrimiLife by wuwa",2021-9,21,981.7188516246117,1.8851909444573494
"R3sonance by ge1doot",2021-2,598,824.752185709899,9091.681156075707
"R3sonance by ge1doot",2021-3,148,1787.627153803734,15233.593388146108
"R3sonance by ge1doot",2021-4,8,995.6712028409664,1677.8267197449325
"R3sonance by ge1doot",2021-5,9,1411.6393610396567,2803.179435017658
"R3sonance by ge1doot",2021-6,17,584.152675905304,1582.4156939099064
"R3sonance by ge1doot",2021-7,72,1614.528124797593,5028.108809445079
"R3sonance by ge1doot",2021-8,89,7896.876078854822,16545.121289692794
"R3sonance by ge1doot",2021-9,9,13940.195202355648,25098.95817143221
"Radiance by Julien Gachadoat",2021-7,788,609.7353566888625,3464.6437598670072
"Radiance by Julien Gachadoat",2021-8,230,2706.4839767426765,10934.535882935716
"Radiance by Julien Gachadoat",2021-9,8,3884.2869145447135,3186.497042007477
"Rapture by Thomas Lin Pedersen",2021-8,5147,9207.974268254655,99449.31070280714
"Rapture by Thomas Lin Pedersen",2021-9,27,9276.409770364844,7352.427427330978
"Return by Aaron Penne",2021-5,1,397.9310792982172,0
"Return by Aaron Penne",2021-6,404,464.1827510144505,4237.3735333441255
"Return by Aaron Penne",2021-7,89,2789.5064086541142,10613.577348641338
"Return by Aaron Penne",2021-8,75,22707.592679427085,54735.07301621521
"Return by Aaron Penne",2021-9,1,31826.313284743752,0
"Rhythm by Jeff Davis",2021-4,546,375.128228406199,118.26849057857567
"Rhythm by Jeff Davis",2021-5,16,463.8445393996102,593.9768442409452
"Rhythm by Jeff Davis",2021-6,48,378.469410615988,1932.94191820649
"Rhythm by Jeff Davis",2021-7,67,1845.0728720167413,6485.359666828232
"Rhythm by Jeff Davis",2021-8,70,9800.280266650512,29369.613673028245
"Rhythm by Jeff Davis",2021-9,2,17016.581363663943,0
"Rinascita by Stefano Contiero",2021-7,1,584.7685191879052,0
"Rinascita by Stefano Contiero",2021-8,1463,6854.828656030857,68348.37532109852
"Rinascita by Stefano Contiero",2021-9,6,19497.612495611378,19177.204183636306
"Ringers by Dmitri Cherniak",2021-1,1047,170.7803453895861,3125.04624928547
"Ringers by Dmitri Cherniak",2021-2,308,4657.063596414687,24427.242249168503
"Ringers by Dmitri Cherniak",2021-3,101,11481.927798481376,36966.49002698833
"Ringers by Dmitri Cherniak",2021-4,47,13697.303137811326,27053.588728440252
"Ringers by Dmitri Cherniak",2021-5,23,16175.705062134883,46321.34312548204
"Ringers by Dmitri Cherniak",2021-6,37,17443.553247654774,60230.870841225886
"Ringers by Dmitri Cherniak",2021-7,90,51457.67308101393,201781.67268198336
"Ringers by Dmitri Cherniak",2021-8,90,438047.1687372542,5593851.3381229825
"Ringers by Dmitri Cherniak",2021-9,2,702193.749316198,278346.8285913103
"Scribbled Boundaries by William Tan",2021-8,2101,6113.570293925441,98813.17703494414
"Scribbled Boundaries by William Tan",2021-9,28,14544.038703627139,19574.977941259775
"Sentience by pxlq",2021-2,173,527.3972019822405,5095.786692330326
"Sentience by pxlq",2021-3,7,958.8574226671336,800.1765643619542
"Sentience by pxlq",2021-4,6,1422.2547970206394,1907.2339839596884
"Sentience by pxlq",2021-5,3,1325.5444765743227,2189.1861743820555
"Sentience by pxlq",2021-6,10,1132.2533754273393,2518.5643399141363
"Sentience by pxlq",2021-7,20,2441.755648072153,4426.866525413908
"Sentience by pxlq",2021-8,26,16425.3561690741,39145.797771898986
"Sentience by pxlq",2021-9,6,19500.91203006469,11573.308083106325
"Sigils by espina",2021-6,181,206.28463659571327,544.9253829714169
"Sigils by espina",2021-7,38,689.0061957938238,1481.3230857010242
"Sigils by espina",2021-8,73,7700.521964021646,29045.570585323618
"Sigils by espina",2021-9,2,14689.362518908256,0
"Singularity by Hideki Tsukamoto",2021-1,1140,155.34467412789888,8009.65432279938
"Singularity by Hideki Tsukamoto",2021-2,199,3301.2433486694513,63409.782633191964
"Singularity by Hideki Tsukamoto",2021-3,39,4709.084798192836,25951.817013016404
"Singularity by Hideki Tsukamoto",2021-4,18,3695.758921560773,9495.80474352836
"Singularity by Hideki Tsukamoto",2021-5,21,2794.8351860235757,5764.046008184083
"Singularity by Hideki Tsukamoto",2021-6,49,3265.2562120429952,10061.187103491542
"Singularity by Hideki Tsukamoto",2021-7,116,10838.767998199597,89187.3945301355
"Singularity by Hideki Tsukamoto",2021-8,151,48480.98244520044,224922.98844178068
"Singularity by Hideki Tsukamoto",2021-9,6,71741.26781274598,48694.166441685265
"Space Debris 0 by pxlq",2021-6,1,2360.4018525425613,0
"Space Debris 0 by pxlq",2021-8,5,7177.7862758647725,9750.72649628912
"Space Debris 1 by pxlq",2021-6,1,1769.554653937368,0
"Space Debris 1 by pxlq",2021-7,2,1854.318227848526,1204.0601659035701
"Space Debris 1 by pxlq",2021-8,4,8076.861807523152,8333.969994362926
"Space Debris 2 by pxlq",2021-7,2,6983.799676341278,10595.883755320554
"Space Debris 2 by pxlq",2021-8,1,12937.645109878094,0
"Space Debris [maider] by WhaleStreet x pxlq",2021-6,1,746.4601550747002,0
"Space Debris [maider] by WhaleStreet x pxlq",2021-7,21,1001.2619902938643,3008.8278538476116
"Space Debris [maider] by WhaleStreet x pxlq",2021-8,51,5591.529231355363,13970.828622307161
"Space Debris [maider] by WhaleStreet x pxlq",2021-9,1,7449.197644308886,0
"Space Debris [ravaged] by WhaleStreet x pxlq",2021-6,1,4442.12646102819,0
"Space Debris [ravaged] by WhaleStreet x pxlq",2021-7,2,4227.401916148961,0
"Space Debris [ravaged] by WhaleStreet x pxlq",2021-8,13,21991.390791646754,40068.722336179715
"Space Debris [warning] by WhaleStreet x pxlq",2021-7,12,1719.4188150775208,2142.1290235819124
"Space Debris [warning] by WhaleStreet x pxlq",2021-8,36,5725.183526753008,11077.723386963962
"Spaghettification by CtrlShiftMake",2021-6,1,126.77497096910827,0
"Spaghettification by ctrlshiftmake",2021-7,1379,130.60966624785195,2191.9435111475245
"Spaghettification by ctrlshiftmake",2021-8,506,917.7115867481525,5735.569649366855
"Spaghettification by ctrlshiftmake",2021-9,33,1440.8208358237353,2833.5245366138956
"Speckled Summits by Jake Rockland",2021-7,196,1311.583677637635,12132.136269302136
"Speckled Summits by Jake Rockland",2021-8,35,28965.668966053923,129865.43479247391
"Spectron by Simon De Mai",2021-2,491,391.7806349646081,1909.8724319440114
"Spectron by Simon De Mai",2021-3,16,795.9673703488069,1124.009311724441
"Spectron by Simon De Mai",2021-4,8,671.8532242962713,1519.2773463039996
"Spectron by Simon De Mai",2021-5,13,685.6448164468758,643.258207553902
"Spectron by Simon De Mai",2021-6,46,965.4382023964436,1457.78963920463
"Spectron by Simon De Mai",2021-7,94,3759.6128371818345,13426.005048808107
"Spectron by Simon De Mai",2021-8,153,20117.527994912587,41491.9685371032
"Spectron by Simon De Mai",2021-9,5,23919.88920518511,13594.10782713018
"SpiroFlakes by Alexander Reben",2021-8,197,4011.9602983022596,7397.485764147662
"SpiroFlakes by Alexander Reben",2021-9,5,1537.4991517328513,246.90801897988695
"Star Flower by Ruben Alexander",2021-4,19,240.06872038226012,44.66315836806669
"Star Flower by Ruben Alexander",2021-5,2,271.2205552093659,43.88031496460428
"Star Flower by Ruben Alexander",2021-6,40,198.23140262366422,175.8019652266342
"Star Flower by Ruben Alexander",2021-7,1382,241.22065130850484,2372.1298754022864
"Star Flower by Ruben Alexander",2021-8,965,957.193780117558,6471.001826455041
"Star Flower by Ruben Alexander",2021-9,34,1333.1415509186547,641.1401094808339
"Stipple Sunsets by Jake Rockland",2021-4,742,258.07738868302505,4049.4598081578056
"Stipple Sunsets by Jake Rockland",2021-5,8,748.4955090232593,1578.002303359517
"Stipple Sunsets by Jake Rockland",2021-6,24,174.41161575735757,446.5756669781547
"Stipple Sunsets by Jake Rockland",2021-7,50,665.8355986889806,1591.6790608790252
"Stipple Sunsets by Jake Rockland",2021-8,93,6031.116609553978,16851.340489312774
"Stipple Sunsets by Jake Rockland",2021-9,4,6600.831025948786,1440.6339644123354
"Stroming by Bart Simons",2021-6,344,261.93855981678956,1490.3548958363467
"Stroming by Bart Simons",2021-7,100,1171.784741457439,5449.783693476848
"Stroming by Bart Simons",2021-8,149,6814.4936131623635,21243.55347228182
"Stroming by Bart Simons",2021-9,8,8466.663155334358,7670.763706172763
"Subscapes by Matt DesLauriers",2021-4,768,1126.6242371635187,30077.528715311226
"Subscapes by Matt DesLauriers",2021-5,75,1825.8625019862984,15435.823843290567
"Subscapes by Matt DesLauriers",2021-6,101,2445.850825930909,10409.289183452049
"Subscapes by Matt DesLauriers",2021-7,94,11731.782366485148,75338.43342830794
"Subscapes by Matt DesLauriers",2021-8,121,114885.00747075517,662291.7383346759
"Subscapes by Matt DesLauriers",2021-9,3,321019.7798946399,190518.28112671903
"Synapses by Chaosconstruct",2021-4,752,227.21979034501214,2912.9621704901638
"Synapses by Chaosconstruct",2021-5,26,454.4176881570214,3508.0973493395286
"Synapses by Chaosconstruct",2021-6,109,365.38930368242745,2679.613089814915
"Synapses by Chaosconstruct",2021-7,201,1578.501430649382,15570.113901914727
"Synapses by Chaosconstruct",2021-8,361,10662.165329997457,55347.66145880388
"Synapses by Chaosconstruct",2021-9,10,19443.720017900145,19626.59841541948
"Talking Blocks by REMO x DCsan",2021-4,18,245.90541610148136,55.77749898841344
"Talking Blocks by REMO x DCsan",2021-5,7,266.46760385273666,48.56062099090349
"Talking Blocks by REMO x DCsan",2021-6,8,208.31824080968792,51.54203550690312
"Talking Blocks by REMO x DCsan",2021-7,550,239.68490222501705,908.2730290213369
"Talking Blocks by REMO x DCsan",2021-8,259,1206.5471327143357,7352.550820138633
"Talking Blocks by REMO x DCsan",2021-9,4,1754.949403035006,588.642309606638
"Tangled by Superblob",2021-8,2,277.90700000000004,0
"The Blocks of Art by Shvembldr",2021-5,543,306.03101964897576,9409.928895141098
"The Blocks of Art by Shvembldr",2021-6,150,472.1714757399518,1882.9289360848272
"The Blocks of Art by Shvembldr",2021-7,288,6877.418362358384,30978.928326972393
"The Blocks of Art by Shvembldr",2021-8,89,44912.57003953227,182985.5648539026
"The Blocks of Art by Shvembldr",2021-9,4,77710.62490545082,42712.50474839342
"The Eternal Pump by Dmitri Cherniak",2021-2,50,5162.876320682908,40855.00744219718
"The Eternal Pump by Dmitri Cherniak",2021-3,6,15332.24722949966,8965.704221618502
"The Eternal Pump by Dmitri Cherniak",2021-4,2,16638.969819628226,1686.7999138550203
"The Eternal Pump by Dmitri Cherniak",2021-5,3,31364.72529347212,17355.759863835105
"The Eternal Pump by Dmitri Cherniak",2021-6,7,22508.398415334996,13154.311110777588
"The Eternal Pump by Dmitri Cherniak",2021-7,13,156954.67930973365,244811.67303053092
"The Eternal Pump by Dmitri Cherniak",2021-8,8,693024.0507341921,648434.6901549492
"The Liths of Sisyphus by nonfigurativ",2021-8,1352,1587.2167762565537,27481.912816656906
"The Liths of Sisyphus by nonfigurativ",2021-9,14,3352.8308046858015,3646.227583303669
"The Opera by Luke Shannon",2021-4,1,268.4363542910271,0
"The Opera by Luke Shannon",2021-5,304,322.9829904237202,1409.026661736419
"The Opera by Luke Shannon",2021-6,94,405.47565408892626,2349.5406620116537
"The Opera by Luke Shannon",2021-7,50,1641.7915161162566,4261.221522226633
"The Opera by Luke Shannon",2021-8,75,10520.801842944022,55644.77295660935
"Timepiece by WAWAA",2021-7,1,305.5402374546396,0
"Timepiece by WAWAA",2021-8,1801,2652.5198956685003,8182.0681302945295
"Timepiece by WAWAA",2021-9,8,2454.7381997399734,760.2207699062178
"Transitions by Jason Ting x Matt Bilfield",2021-7,8011,273.9961737204702,5943.0488249869795
"Transitions by Jason Ting x Matt Bilfield",2021-8,2428,1202.2252436596857,31316.6356842883
"Transitions by Jason Ting x Matt Bilfield",2021-9,76,1925.9439486113276,9063.307883891528
"Traversals by Loren Bednar",2021-5,34,250.5032186224228,60.45600310336067
"Traversals by Loren Bednar",2021-6,60,251.74973339683487,613.952963719346
"Traversals by Loren Bednar",2021-7,19,1221.94532515199,2521.37172485786
"Traversals by Loren Bednar",2021-8,59,16344.181449545216,47133.83362377577
"Traversals by Loren Bednar",2021-9,1,12522.107597538043,0
"Trossets by Anna Carreras",2021-8,1,0.3244122686237856,0
"Trossets by Anna Carreras",2021-9,1200,15327.366755361678,86689.74686109387
"Unigrids by Zeblocks",2021-1,489,222.68384846990463,3889.5894675281615
"Unigrids by Zeblocks",2021-2,100,1942.5916246442491,13583.010964200328
"Unigrids by Zeblocks",2021-3,34,3855.015557889893,4702.7255712262595
"Unigrids by Zeblocks",2021-4,15,5007.4959059301145,3343.1593963236983
"Unigrids by Zeblocks",2021-5,13,5517.181384423951,4947.720596428624
"Unigrids by Zeblocks",2021-6,20,6594.873877698464,8647.055278542153
"Unigrids by Zeblocks",2021-7,47,18069.52756368494,43167.12516061224
"Unigrids by Zeblocks",2021-8,72,101887.46238291249,663054.0780435054
"Unknown Signals by k0ch",2021-8,9688,2043.7461226253315,15997.609525767903
"Unknown Signals by k0ch",2021-9,166,1829.9118091288412,2062.1865759412267
"Utopia by ge1doot",2021-2,324,540.6338161127265,7328.286594651807
"Utopia by ge1doot",2021-3,9,3178.713408564703,8967.55564005992
"Utopia by ge1doot",2021-4,7,1229.626776452366,1051.5196623819372
"Utopia by ge1doot",2021-5,4,1698.9513392718593,2409.9947517970822
"Utopia by ge1doot",2021-6,7,1405.859091591838,1335.8257135854628
"Utopia by ge1doot",2021-7,24,4545.559303349628,8849.411376528691
"Utopia by ge1doot",2021-8,11,19237.20922269239,16902.667494080088
"Variant Plan by Jeff Davis",2021-2,3,2083.1818607678056,2443.3103606311042
"Variant Plan by Jeff Davis",2021-3,5,4439.7702365642135,4459.534951226634
"Variant Plan by Jeff Davis",2021-5,2,5264.216664054932,1975.7132554725176
"Variant Plan by Jeff Davis",2021-7,12,6098.566917258668,10332.498633496427
"Variant Plan by Jeff Davis",2021-8,10,21922.776464575883,41541.40087367059
"View Card by Jeff Davis",2020-12,33,159.6233421095778,18.246096297187165
"View Card by Jeff Davis",2021-1,16,657.9810252194072,1695.1246865989037
"View Card by Jeff Davis",2021-2,5,3268.598009205334,3681.7319182929277
"View Card by Jeff Davis",2021-3,1,9210.246329437085,0
"View Card by Jeff Davis",2021-5,3,11898.7246044747,14349.118737766821
"View Card by Jeff Davis",2021-6,1,15746.837301217707,0
"View Card by Jeff Davis",2021-7,4,20006.897890480977,24441.552845398357
"View Card by Jeff Davis",2021-8,9,45049.46624754932,95327.77944280485
"Void by Alexis Andr√©",2021-4,543,237.53426694214184,1307.4217056614386
"Void by Alexis Andr√©",2021-5,38,399.31412458210843,1155.952969155898
"Void by Alexis Andr√©",2021-6,87,415.91285427516596,1495.7155100147947
"Void by Alexis Andr√©",2021-7,103,1370.4805922863306,3543.7264908737297
"Void by Alexis Andr√©",2021-8,98,7322.962554715391,21921.49990905116
"Void by Alexis Andr√©",2021-9,11,8064.920444265245,6600.985243332758
"Watercolor Dreams by NumbersInMotion",2021-4,669,474.02557801598743,8084.88362341099
"Watercolor Dreams by NumbersInMotion",2021-5,152,637.7429672884873,8902.414310289763
"Watercolor Dreams by NumbersInMotion",2021-6,147,433.8259789023239,1985.1243896163558
"Watercolor Dreams by NumbersInMotion",2021-7,218,2009.3250286053635,15197.368126038793
"Watercolor Dreams by NumbersInMotion",2021-8,261,14964.211007048318,57283.18816971051
"Watercolor Dreams by NumbersInMotion",2021-9,7,20815.6960750737,20122.41665475636
"Wave Schematics by luxpris",2021-8,1517,7960.338569149888,23592.0739983892
"Wave Schematics by luxpris",2021-9,16,12567.1877997545,16771.62608695515
"[Dis]entanglement by onlygenerated",2021-7,988,247.8816770592757,1269.2491982913941
"[Dis]entanglement by onlygenerated",2021-8,329,1245.8713545211033,7774.3762518566455
"[Dis]entanglement by onlygenerated",2021-9,17,2076.983868502143,4071.372750037887
"autoRAD by sgt_slaughtermelon & Tartaria Archivist",2021-8,2797,2921.7732040326523,49625.34348572309
"autoRAD by sgt_slaughtermelon & Tartaria Archivist",2021-9,70,3727.8576673711746,7448.823144584669
"celestial cyclones by hideo",2021-7,1150,958.0841902580386,17803.278784032784
"celestial cyclones by hideo",2021-8,234,6959.66928283286,20939.7700439402
"celestial cyclones by hideo",2021-9,6,8410.801340056385,3498.279909669436
"dino pals by hideo",2021-5,107,130.47663035538258,393.3607478439544
"dino pals by hideo",2021-6,41,460.68539402480206,2717.5448276718853
"dino pals by hideo",2021-7,26,3119.424649808251,36861.01268608
"dino pals by hideo",2021-8,60,104739.48571359323,1186441.7262751171
"glitch crystal monsters by Alida Sun",2021-7,1521,1019.9966992464273,9265.873540795592
"glitch crystal monsters by Alida Sun",2021-8,715,6659.62684446191,32172.404219337554
"glitch crystal monsters by Alida Sun",2021-9,23,10517.113658951928,7838.58123153273
"phase by Loren Bednar",2021-8,4065,11586.957655160091,144573.66717615898
"phase by Loren Bednar",2021-9,53,40829.86492979789,72486.26766767644
"planets by donnoh",2021-6,621,145.75949283871995,2405.799114247648
"planets by donnoh",2021-7,129,273.3535187217259,1515.4957505179411
"planets by donnoh",2021-8,299,1314.1831083690695,16689.613467206666
"planets by donnoh",2021-9,2,1651.3961084958653,131.02882735532557
"sail-o-bots by sturec x memorycollector",2021-6,799,147.57592014775008,697.9083938788426
"sail-o-bots by sturec x memorycollector",2021-7,632,528.8456453662894,3278.5119745104307
"sail-o-bots by sturec x memorycollector",2021-8,575,16153.881986622253,69033.03311624553
"sail-o-bots by sturec x memorycollector",2021-9,32,42805.07691971946,53096.35373785061
"‚ô´ ByteBeats by DADABOTS x KAI",2021-4,342,509.06964594755686,549.175500499791
"‚ô´ ByteBeats by DADABOTS x KAI",2021-5,6,643.2883477777926,683.2237764422946
"‚ô´ ByteBeats by DADABOTS x KAI",2021-6,23,489.569130699579,557.3088833626597
"‚ô´ ByteBeats by DADABOTS x KAI",2021-7,800,562.131005241464,4551.406945813039
"‚ô´ ByteBeats by DADABOTS x KAI",2021-8,115,2989.2639392111146,9364.831963062217
"‚ô´ ByteBeats by DADABOTS x KAI",2021-9,3,2993.503287141351,684.8915484244153
